date,home_team,away_team,game_id,url,stage,league,season
2023-12-02 15:00:00,Arsenal,Wolves,1729546,https://www.whoscored.com/Matches/1729546/Live/England-Premier-League-2023-2024-Arsenal-Wolves,,ENG-Premier League,2324
2023-12-02 15:00:00,Brentford,Luton,1729547,https://www.whoscored.com/Matches/1729547/Live/England-Premier-League-2023-2024-Brentford-Luton,,ENG-Premier League,2324
2023-12-02 15:00:00,Burnley,Sheffield United,1729548,https://www.whoscored.com/Matches/1729548/Live/England-Premier-League-2023-2024-Burnley-Sheffield-United,,ENG-Premier League,2324
2023-12-02 17:30:00,Nottingham Forest,Everton,1729553,https://www.whoscored.com/Matches/1729553/Live/England-Premier-League-2023-2024-Nottingham-Forest-Everton,,ENG-Premier League,2324
2023-12-02 20:00:00,Newcastle,Manchester United,1729552,https://www.whoscored.com/Matches/1729552/Live/England-Premier-League-2023-2024-Newcastle-Manchester-United,,ENG-Premier League,2324
2023-12-03 14:00:00,Bournemouth,Aston Villa,1729545,https://www.whoscored.com/Matches/1729545/Live/England-Premier-League-2023-2024-Bournemouth-Aston-Villa,,ENG-Premier League,2324
2023-12-03 14:00:00,West Ham,Crystal Palace,1729554,https://www.whoscored.com/Matches/1729554/Live/England-Premier-League-2023-2024-West-Ham-Crystal-Palace,,ENG-Premier League,2324
2023-12-03 14:00:00,Chelsea,Brighton,1729549,https://www.whoscored.com/Matches/1729549/Live/England-Premier-League-2023-2024-Chelsea-Brighton,,ENG-Premier League,2324
2023-12-03 14:00:00,Liverpool,Fulham,1729550,https://www.whoscored.com/Matches/1729550/Live/England-Premier-League-2023-2024-Liverpool-Fulham,,ENG-Premier League,2324
2023-12-03 16:30:00,Manchester City,Tottenham,1729551,https://www.whoscored.com/Matches/1729551/Live/England-Premier-League-2023-2024-Manchester-City-Tottenham,,ENG-Premier League,2324
2023-12-05 19:30:00,Wolves,Burnley,1729562,https://www.whoscored.com/Matches/1729562/Live/England-Premier-League-2023-2024-Wolves-Burnley,,ENG-Premier League,2324
2023-12-05 20:15:00,Luton,Arsenal,1729559,https://www.whoscored.com/Matches/1729559/Live/England-Premier-League-2023-2024-Luton-Arsenal,,ENG-Premier League,2324
2023-12-06 19:30:00,Sheffield United,Liverpool,1729560,https://www.whoscored.com/Matches/1729560/Live/England-Premier-League-2023-2024-Sheffield-United-Liverpool,,ENG-Premier League,2324
2023-12-06 19:30:00,Brighton,Brentford,1729556,https://www.whoscored.com/Matches/1729556/Live/England-Premier-League-2023-2024-Brighton-Brentford,,ENG-Premier League,2324
2023-12-06 19:30:00,Crystal Palace,Bournemouth,1729563,https://www.whoscored.com/Matches/1729563/Live/England-Premier-League-2023-2024-Crystal-Palace-Bournemouth,,ENG-Premier League,2324
2023-12-06 19:30:00,Fulham,Nottingham Forest,1729558,https://www.whoscored.com/Matches/1729558/Live/England-Premier-League-2023-2024-Fulham-Nottingham-Forest,,ENG-Premier League,2324
2023-12-06 20:15:00,Manchester United,Chelsea,1729564,https://www.whoscored.com/Matches/1729564/Live/England-Premier-League-2023-2024-Manchester-United-Chelsea,,ENG-Premier League,2324
2023-12-06 20:15:00,Aston Villa,Manchester City,1729555,https://www.whoscored.com/Matches/1729555/Live/England-Premier-League-2023-2024-Aston-Villa-Manchester-City,,ENG-Premier League,2324
2023-12-07 19:30:00,Everton,Newcastle,1729557,https://www.whoscored.com/Matches/1729557/Live/England-Premier-League-2023-2024-Everton-Newcastle,,ENG-Premier League,2324
2023-12-07 20:15:00,Tottenham,West Ham,1729561,https://www.whoscored.com/Matches/1729561/Live/England-Premier-League-2023-2024-Tottenham-West-Ham,,ENG-Premier League,2324
2023-12-09 12:30:00,Crystal Palace,Liverpool,1729567,https://www.whoscored.com/Matches/1729567/Live/England-Premier-League-2023-2024-Crystal-Palace-Liverpool,,ENG-Premier League,2324
2023-12-09 15:00:00,Brighton,Burnley,1729566,https://www.whoscored.com/Matches/1729566/Live/England-Premier-League-2023-2024-Brighton-Burnley,,ENG-Premier League,2324
2023-12-09 15:00:00,Manchester United,Bournemouth,1729488,https://www.whoscored.com/Matches/1729488/Live/England-Premier-League-2023-2024-Manchester-United-Bournemouth,,ENG-Premier League,2324
2023-12-09 15:00:00,Sheffield United,Brentford,1729489,https://www.whoscored.com/Matches/1729489/Live/England-Premier-League-2023-2024-Sheffield-United-Brentford,,ENG-Premier League,2324
2023-12-09 15:00:00,Wolves,Nottingham Forest,1729491,https://www.whoscored.com/Matches/1729491/Live/England-Premier-League-2023-2024-Wolves-Nottingham-Forest,,ENG-Premier League,2324
2023-12-09 17:30:00,Aston Villa,Arsenal,1729565,https://www.whoscored.com/Matches/1729565/Live/England-Premier-League-2023-2024-Aston-Villa-Arsenal,,ENG-Premier League,2324
2023-12-10 14:00:00,Everton,Chelsea,1729568,https://www.whoscored.com/Matches/1729568/Live/England-Premier-League-2023-2024-Everton-Chelsea,,ENG-Premier League,2324
2023-12-10 14:00:00,Fulham,West Ham,1729569,https://www.whoscored.com/Matches/1729569/Live/England-Premier-League-2023-2024-Fulham-West-Ham,,ENG-Premier League,2324
2023-12-10 14:00:00,Luton,Manchester City,1729487,https://www.whoscored.com/Matches/1729487/Live/England-Premier-League-2023-2024-Luton-Manchester-City,,ENG-Premier League,2324
2023-12-10 16:30:00,Tottenham,Newcastle,1729490,https://www.whoscored.com/Matches/1729490/Live/England-Premier-League-2023-2024-Tottenham-Newcastle,,ENG-Premier League,2324
2023-12-15 20:00:00,Nottingham Forest,Tottenham,1729500,https://www.whoscored.com/Matches/1729500/Live/England-Premier-League-2023-2024-Nottingham-Forest-Tottenham,,ENG-Premier League,2324
2023-12-16 15:00:00,Chelsea,Sheffield United,1729496,https://www.whoscored.com/Matches/1729496/Live/England-Premier-League-2023-2024-Chelsea-Sheffield-United,,ENG-Premier League,2324
2023-12-16 15:00:00,Manchester City,Crystal Palace,1729498,https://www.whoscored.com/Matches/1729498/Live/England-Premier-League-2023-2024-Manchester-City-Crystal-Palace,,ENG-Premier League,2324
2023-12-16 15:00:00,Newcastle,Fulham,1729499,https://www.whoscored.com/Matches/1729499/Live/England-Premier-League-2023-2024-Newcastle-Fulham,,ENG-Premier League,2324
2023-12-16 17:30:00,Burnley,Everton,1729495,https://www.whoscored.com/Matches/1729495/Live/England-Premier-League-2023-2024-Burnley-Everton,,ENG-Premier League,2324
2023-12-17 14:00:00,West Ham,Wolves,1729501,https://www.whoscored.com/Matches/1729501/Live/England-Premier-League-2023-2024-West-Ham-Wolves,,ENG-Premier League,2324
2023-12-17 14:00:00,Arsenal,Brighton,1729493,https://www.whoscored.com/Matches/1729493/Live/England-Premier-League-2023-2024-Arsenal-Brighton,,ENG-Premier League,2324
2023-12-17 14:00:00,Brentford,Aston Villa,1729494,https://www.whoscored.com/Matches/1729494/Live/England-Premier-League-2023-2024-Brentford-Aston-Villa,,ENG-Premier League,2324
2023-12-17 16:30:00,Liverpool,Manchester United,1729497,https://www.whoscored.com/Matches/1729497/Live/England-Premier-League-2023-2024-Liverpool-Manchester-United,,ENG-Premier League,2324
2023-12-21 20:00:00,Crystal Palace,Brighton,1729503,https://www.whoscored.com/Matches/1729503/Live/England-Premier-League-2023-2024-Crystal-Palace-Brighton,,ENG-Premier League,2324
2023-12-22 20:00:00,Aston Villa,Sheffield United,1729502,https://www.whoscored.com/Matches/1729502/Live/England-Premier-League-2023-2024-Aston-Villa-Sheffield-United,,ENG-Premier League,2324
2023-12-23 12:30:00,West Ham,Manchester United,1729510,https://www.whoscored.com/Matches/1729510/Live/England-Premier-League-2023-2024-West-Ham-Manchester-United,,ENG-Premier League,2324
2023-12-23 15:00:00,Luton,Newcastle,1729506,https://www.whoscored.com/Matches/1729506/Live/England-Premier-League-2023-2024-Luton-Newcastle,,ENG-Premier League,2324
2023-12-23 15:00:00,Nottingham Forest,Bournemouth,1729508,https://www.whoscored.com/Matches/1729508/Live/England-Premier-League-2023-2024-Nottingham-Forest-Bournemouth,,ENG-Premier League,2324
2023-12-23 15:00:00,Tottenham,Everton,1729509,https://www.whoscored.com/Matches/1729509/Live/England-Premier-League-2023-2024-Tottenham-Everton,,ENG-Premier League,2324
2023-12-23 15:00:00,Fulham,Burnley,1729504,https://www.whoscored.com/Matches/1729504/Live/England-Premier-League-2023-2024-Fulham-Burnley,,ENG-Premier League,2324
2023-12-23 15:00:00,Manchester City,Brentford,1729507,https://www.whoscored.com/Matches/1729507/Show/England-Premier-League-2023-2024-Manchester-City-Brentford,,ENG-Premier League,2324
2023-12-23 17:30:00,Liverpool,Arsenal,1729505,https://www.whoscored.com/Matches/1729505/Live/England-Premier-League-2023-2024-Liverpool-Arsenal,,ENG-Premier League,2324
2023-12-24 13:00:00,Wolves,Chelsea,1729511,https://www.whoscored.com/Matches/1729511/Live/England-Premier-League-2023-2024-Wolves-Chelsea,,ENG-Premier League,2324
2023-12-26 12:30:00,Newcastle,Nottingham Forest,1729520,https://www.whoscored.com/Matches/1729520/Live/England-Premier-League-2023-2024-Newcastle-Nottingham-Forest,,ENG-Premier League,2324
2023-12-26 15:00:00,Sheffield United,Luton,1729521,https://www.whoscored.com/Matches/1729521/Live/England-Premier-League-2023-2024-Sheffield-United-Luton,,ENG-Premier League,2324
2023-12-26 15:00:00,Bournemouth,Fulham,1729512,https://www.whoscored.com/Matches/1729512/Live/England-Premier-League-2023-2024-Bournemouth-Fulham,,ENG-Premier League,2324
2023-12-26 17:30:00,Burnley,Liverpool,1729516,https://www.whoscored.com/Matches/1729516/Live/England-Premier-League-2023-2024-Burnley-Liverpool,,ENG-Premier League,2324
2023-12-26 20:00:00,Manchester United,Aston Villa,1729519,https://www.whoscored.com/Matches/1729519/Live/England-Premier-League-2023-2024-Manchester-United-Aston-Villa,,ENG-Premier League,2324
2023-12-27 19:30:00,Chelsea,Crystal Palace,1729517,https://www.whoscored.com/Matches/1729517/Live/England-Premier-League-2023-2024-Chelsea-Crystal-Palace,,ENG-Premier League,2324
2023-12-27 19:30:00,Brentford,Wolves,1729514,https://www.whoscored.com/Matches/1729514/Live/England-Premier-League-2023-2024-Brentford-Wolves,,ENG-Premier League,2324
2023-12-27 20:15:00,Everton,Manchester City,1729518,https://www.whoscored.com/Matches/1729518/Live/England-Premier-League-2023-2024-Everton-Manchester-City,,ENG-Premier League,2324
2023-12-28 19:30:00,Brighton,Tottenham,1729515,https://www.whoscored.com/Matches/1729515/Show/England-Premier-League-2023-2024-Brighton-Tottenham,,ENG-Premier League,2324
2023-12-28 20:15:00,Arsenal,West Ham,1729513,https://www.whoscored.com/Matches/1729513/Show/England-Premier-League-2023-2024-Arsenal-West-Ham,,ENG-Premier League,2324
2023-12-30 12:30:00,Luton,Chelsea,1729526,https://www.whoscored.com/Matches/1729526/Show/England-Premier-League-2023-2024-Luton-Chelsea,,ENG-Premier League,2324
2023-12-30 15:00:00,Manchester City,Sheffield United,1729527,https://www.whoscored.com/Matches/1729527/Show/England-Premier-League-2023-2024-Manchester-City-Sheffield-United,,ENG-Premier League,2324
2023-12-30 15:00:00,Aston Villa,Burnley,1729522,https://www.whoscored.com/Matches/1729522/Show/England-Premier-League-2023-2024-Aston-Villa-Burnley,,ENG-Premier League,2324
2023-12-30 15:00:00,Crystal Palace,Brentford,1729523,https://www.whoscored.com/Matches/1729523/Show/England-Premier-League-2023-2024-Crystal-Palace-Brentford,,ENG-Premier League,2324
2023-12-30 15:00:00,Wolves,Everton,1729531,https://www.whoscored.com/Matches/1729531/Show/England-Premier-League-2023-2024-Wolves-Everton,,ENG-Premier League,2324
2023-12-30 17:30:00,Nottingham Forest,Manchester United,1729528,https://www.whoscored.com/Matches/1729528/Show/England-Premier-League-2023-2024-Nottingham-Forest-Manchester-United,,ENG-Premier League,2324
2023-12-31 14:00:00,Tottenham,Bournemouth,1729529,https://www.whoscored.com/Matches/1729529/Show/England-Premier-League-2023-2024-Tottenham-Bournemouth,,ENG-Premier League,2324
2023-12-31 14:00:00,Fulham,Arsenal,1729524,https://www.whoscored.com/Matches/1729524/Show/England-Premier-League-2023-2024-Fulham-Arsenal,,ENG-Premier League,2324
2023-12-02 15:00:00,Arsenal,Wolves,1729546,https://www.whoscored.com/Matches/1729546/Live/England-Premier-League-2023-2024-Arsenal-Wolves,,ENG-Premier League,2324
2023-12-02 15:00:00,Brentford,Luton,1729547,https://www.whoscored.com/Matches/1729547/Live/England-Premier-League-2023-2024-Brentford-Luton,,ENG-Premier League,2324
2023-12-02 15:00:00,Burnley,Sheffield United,1729548,https://www.whoscored.com/Matches/1729548/Live/England-Premier-League-2023-2024-Burnley-Sheffield-United,,ENG-Premier League,2324
2023-12-02 17:30:00,Nottingham Forest,Everton,1729553,https://www.whoscored.com/Matches/1729553/Live/England-Premier-League-2023-2024-Nottingham-Forest-Everton,,ENG-Premier League,2324
2023-12-02 20:00:00,Newcastle,Manchester United,1729552,https://www.whoscored.com/Matches/1729552/Live/England-Premier-League-2023-2024-Newcastle-Manchester-United,,ENG-Premier League,2324
2023-12-03 14:00:00,Bournemouth,Aston Villa,1729545,https://www.whoscored.com/Matches/1729545/Live/England-Premier-League-2023-2024-Bournemouth-Aston-Villa,,ENG-Premier League,2324
2023-12-03 14:00:00,West Ham,Crystal Palace,1729554,https://www.whoscored.com/Matches/1729554/Live/England-Premier-League-2023-2024-West-Ham-Crystal-Palace,,ENG-Premier League,2324
2023-12-03 14:00:00,Chelsea,Brighton,1729549,https://www.whoscored.com/Matches/1729549/Live/England-Premier-League-2023-2024-Chelsea-Brighton,,ENG-Premier League,2324
2023-12-03 14:00:00,Liverpool,Fulham,1729550,https://www.whoscored.com/Matches/1729550/Live/England-Premier-League-2023-2024-Liverpool-Fulham,,ENG-Premier League,2324
2023-12-03 16:30:00,Manchester City,Tottenham,1729551,https://www.whoscored.com/Matches/1729551/Live/England-Premier-League-2023-2024-Manchester-City-Tottenham,,ENG-Premier League,2324
2023-12-05 19:30:00,Wolves,Burnley,1729562,https://www.whoscored.com/Matches/1729562/Live/England-Premier-League-2023-2024-Wolves-Burnley,,ENG-Premier League,2324
2023-12-05 20:15:00,Luton,Arsenal,1729559,https://www.whoscored.com/Matches/1729559/Live/England-Premier-League-2023-2024-Luton-Arsenal,,ENG-Premier League,2324
2023-12-06 19:30:00,Sheffield United,Liverpool,1729560,https://www.whoscored.com/Matches/1729560/Live/England-Premier-League-2023-2024-Sheffield-United-Liverpool,,ENG-Premier League,2324
2023-12-06 19:30:00,Brighton,Brentford,1729556,https://www.whoscored.com/Matches/1729556/Live/England-Premier-League-2023-2024-Brighton-Brentford,,ENG-Premier League,2324
2023-12-06 19:30:00,Crystal Palace,Bournemouth,1729563,https://www.whoscored.com/Matches/1729563/Live/England-Premier-League-2023-2024-Crystal-Palace-Bournemouth,,ENG-Premier League,2324
2023-12-06 19:30:00,Fulham,Nottingham Forest,1729558,https://www.whoscored.com/Matches/1729558/Live/England-Premier-League-2023-2024-Fulham-Nottingham-Forest,,ENG-Premier League,2324
2023-12-06 20:15:00,Manchester United,Chelsea,1729564,https://www.whoscored.com/Matches/1729564/Live/England-Premier-League-2023-2024-Manchester-United-Chelsea,,ENG-Premier League,2324
2023-12-06 20:15:00,Aston Villa,Manchester City,1729555,https://www.whoscored.com/Matches/1729555/Live/England-Premier-League-2023-2024-Aston-Villa-Manchester-City,,ENG-Premier League,2324
2023-12-07 19:30:00,Everton,Newcastle,1729557,https://www.whoscored.com/Matches/1729557/Live/England-Premier-League-2023-2024-Everton-Newcastle,,ENG-Premier League,2324
2023-12-07 20:15:00,Tottenham,West Ham,1729561,https://www.whoscored.com/Matches/1729561/Live/England-Premier-League-2023-2024-Tottenham-West-Ham,,ENG-Premier League,2324
2023-12-09 12:30:00,Crystal Palace,Liverpool,1729567,https://www.whoscored.com/Matches/1729567/Live/England-Premier-League-2023-2024-Crystal-Palace-Liverpool,,ENG-Premier League,2324
2023-12-09 15:00:00,Brighton,Burnley,1729566,https://www.whoscored.com/Matches/1729566/Live/England-Premier-League-2023-2024-Brighton-Burnley,,ENG-Premier League,2324
2023-12-09 15:00:00,Manchester United,Bournemouth,1729488,https://www.whoscored.com/Matches/1729488/Live/England-Premier-League-2023-2024-Manchester-United-Bournemouth,,ENG-Premier League,2324
2023-12-09 15:00:00,Sheffield United,Brentford,1729489,https://www.whoscored.com/Matches/1729489/Live/England-Premier-League-2023-2024-Sheffield-United-Brentford,,ENG-Premier League,2324
2023-12-09 15:00:00,Wolves,Nottingham Forest,1729491,https://www.whoscored.com/Matches/1729491/Live/England-Premier-League-2023-2024-Wolves-Nottingham-Forest,,ENG-Premier League,2324
2023-12-09 17:30:00,Aston Villa,Arsenal,1729565,https://www.whoscored.com/Matches/1729565/Live/England-Premier-League-2023-2024-Aston-Villa-Arsenal,,ENG-Premier League,2324
2023-12-10 14:00:00,Everton,Chelsea,1729568,https://www.whoscored.com/Matches/1729568/Live/England-Premier-League-2023-2024-Everton-Chelsea,,ENG-Premier League,2324
2023-12-10 14:00:00,Fulham,West Ham,1729569,https://www.whoscored.com/Matches/1729569/Live/England-Premier-League-2023-2024-Fulham-West-Ham,,ENG-Premier League,2324
2023-12-10 14:00:00,Luton,Manchester City,1729487,https://www.whoscored.com/Matches/1729487/Live/England-Premier-League-2023-2024-Luton-Manchester-City,,ENG-Premier League,2324
2023-12-10 16:30:00,Tottenham,Newcastle,1729490,https://www.whoscored.com/Matches/1729490/Live/England-Premier-League-2023-2024-Tottenham-Newcastle,,ENG-Premier League,2324
2023-12-15 20:00:00,Nottingham Forest,Tottenham,1729500,https://www.whoscored.com/Matches/1729500/Live/England-Premier-League-2023-2024-Nottingham-Forest-Tottenham,,ENG-Premier League,2324
2023-12-16 15:00:00,Chelsea,Sheffield United,1729496,https://www.whoscored.com/Matches/1729496/Live/England-Premier-League-2023-2024-Chelsea-Sheffield-United,,ENG-Premier League,2324
2023-12-16 15:00:00,Manchester City,Crystal Palace,1729498,https://www.whoscored.com/Matches/1729498/Live/England-Premier-League-2023-2024-Manchester-City-Crystal-Palace,,ENG-Premier League,2324
2023-12-16 15:00:00,Newcastle,Fulham,1729499,https://www.whoscored.com/Matches/1729499/Live/England-Premier-League-2023-2024-Newcastle-Fulham,,ENG-Premier League,2324
2023-12-16 17:30:00,Burnley,Everton,1729495,https://www.whoscored.com/Matches/1729495/Live/England-Premier-League-2023-2024-Burnley-Everton,,ENG-Premier League,2324
2023-12-17 14:00:00,West Ham,Wolves,1729501,https://www.whoscored.com/Matches/1729501/Live/England-Premier-League-2023-2024-West-Ham-Wolves,,ENG-Premier League,2324
2023-12-17 14:00:00,Arsenal,Brighton,1729493,https://www.whoscored.com/Matches/1729493/Live/England-Premier-League-2023-2024-Arsenal-Brighton,,ENG-Premier League,2324
2023-12-17 14:00:00,Brentford,Aston Villa,1729494,https://www.whoscored.com/Matches/1729494/Live/England-Premier-League-2023-2024-Brentford-Aston-Villa,,ENG-Premier League,2324
2023-12-17 16:30:00,Liverpool,Manchester United,1729497,https://www.whoscored.com/Matches/1729497/Live/England-Premier-League-2023-2024-Liverpool-Manchester-United,,ENG-Premier League,2324
2023-12-21 20:00:00,Crystal Palace,Brighton,1729503,https://www.whoscored.com/Matches/1729503/Live/England-Premier-League-2023-2024-Crystal-Palace-Brighton,,ENG-Premier League,2324
2023-12-22 20:00:00,Aston Villa,Sheffield United,1729502,https://www.whoscored.com/Matches/1729502/Live/England-Premier-League-2023-2024-Aston-Villa-Sheffield-United,,ENG-Premier League,2324
2023-12-23 12:30:00,West Ham,Manchester United,1729510,https://www.whoscored.com/Matches/1729510/Live/England-Premier-League-2023-2024-West-Ham-Manchester-United,,ENG-Premier League,2324
2023-12-23 15:00:00,Luton,Newcastle,1729506,https://www.whoscored.com/Matches/1729506/Live/England-Premier-League-2023-2024-Luton-Newcastle,,ENG-Premier League,2324
2023-12-23 15:00:00,Nottingham Forest,Bournemouth,1729508,https://www.whoscored.com/Matches/1729508/Live/England-Premier-League-2023-2024-Nottingham-Forest-Bournemouth,,ENG-Premier League,2324
2023-12-23 15:00:00,Tottenham,Everton,1729509,https://www.whoscored.com/Matches/1729509/Live/England-Premier-League-2023-2024-Tottenham-Everton,,ENG-Premier League,2324
2023-12-23 15:00:00,Fulham,Burnley,1729504,https://www.whoscored.com/Matches/1729504/Live/England-Premier-League-2023-2024-Fulham-Burnley,,ENG-Premier League,2324
2023-12-23 15:00:00,Manchester City,Brentford,1729507,https://www.whoscored.com/Matches/1729507/Show/England-Premier-League-2023-2024-Manchester-City-Brentford,,ENG-Premier League,2324
2023-12-23 17:30:00,Liverpool,Arsenal,1729505,https://www.whoscored.com/Matches/1729505/Live/England-Premier-League-2023-2024-Liverpool-Arsenal,,ENG-Premier League,2324
2023-12-24 13:00:00,Wolves,Chelsea,1729511,https://www.whoscored.com/Matches/1729511/Live/England-Premier-League-2023-2024-Wolves-Chelsea,,ENG-Premier League,2324
2023-12-26 12:30:00,Newcastle,Nottingham Forest,1729520,https://www.whoscored.com/Matches/1729520/Live/England-Premier-League-2023-2024-Newcastle-Nottingham-Forest,,ENG-Premier League,2324
2023-12-26 15:00:00,Sheffield United,Luton,1729521,https://www.whoscored.com/Matches/1729521/Live/England-Premier-League-2023-2024-Sheffield-United-Luton,,ENG-Premier League,2324
2023-12-26 15:00:00,Bournemouth,Fulham,1729512,https://www.whoscored.com/Matches/1729512/Live/England-Premier-League-2023-2024-Bournemouth-Fulham,,ENG-Premier League,2324
2023-12-26 17:30:00,Burnley,Liverpool,1729516,https://www.whoscored.com/Matches/1729516/Live/England-Premier-League-2023-2024-Burnley-Liverpool,,ENG-Premier League,2324
2023-12-26 20:00:00,Manchester United,Aston Villa,1729519,https://www.whoscored.com/Matches/1729519/Live/England-Premier-League-2023-2024-Manchester-United-Aston-Villa,,ENG-Premier League,2324
2023-12-27 19:30:00,Chelsea,Crystal Palace,1729517,https://www.whoscored.com/Matches/1729517/Live/England-Premier-League-2023-2024-Chelsea-Crystal-Palace,,ENG-Premier League,2324
2023-12-27 19:30:00,Brentford,Wolves,1729514,https://www.whoscored.com/Matches/1729514/Live/England-Premier-League-2023-2024-Brentford-Wolves,,ENG-Premier League,2324
2023-12-27 20:15:00,Everton,Manchester City,1729518,https://www.whoscored.com/Matches/1729518/Live/England-Premier-League-2023-2024-Everton-Manchester-City,,ENG-Premier League,2324
2023-12-28 19:30:00,Brighton,Tottenham,1729515,https://www.whoscored.com/Matches/1729515/Show/England-Premier-League-2023-2024-Brighton-Tottenham,,ENG-Premier League,2324
2023-12-28 20:15:00,Arsenal,West Ham,1729513,https://www.whoscored.com/Matches/1729513/Show/England-Premier-League-2023-2024-Arsenal-West-Ham,,ENG-Premier League,2324
2023-12-30 12:30:00,Luton,Chelsea,1729526,https://www.whoscored.com/Matches/1729526/Show/England-Premier-League-2023-2024-Luton-Chelsea,,ENG-Premier League,2324
2023-12-30 15:00:00,Manchester City,Sheffield United,1729527,https://www.whoscored.com/Matches/1729527/Show/England-Premier-League-2023-2024-Manchester-City-Sheffield-United,,ENG-Premier League,2324
2023-12-30 15:00:00,Aston Villa,Burnley,1729522,https://www.whoscored.com/Matches/1729522/Show/England-Premier-League-2023-2024-Aston-Villa-Burnley,,ENG-Premier League,2324
2023-12-30 15:00:00,Crystal Palace,Brentford,1729523,https://www.whoscored.com/Matches/1729523/Show/England-Premier-League-2023-2024-Crystal-Palace-Brentford,,ENG-Premier League,2324
2023-12-30 15:00:00,Wolves,Everton,1729531,https://www.whoscored.com/Matches/1729531/Show/England-Premier-League-2023-2024-Wolves-Everton,,ENG-Premier League,2324
2023-12-30 17:30:00,Nottingham Forest,Manchester United,1729528,https://www.whoscored.com/Matches/1729528/Show/England-Premier-League-2023-2024-Nottingham-Forest-Manchester-United,,ENG-Premier League,2324
2023-12-31 14:00:00,Tottenham,Bournemouth,1729529,https://www.whoscored.com/Matches/1729529/Show/England-Premier-League-2023-2024-Tottenham-Bournemouth,,ENG-Premier League,2324
2023-12-31 14:00:00,Fulham,Arsenal,1729524,https://www.whoscored.com/Matches/1729524/Show/England-Premier-League-2023-2024-Fulham-Arsenal,,ENG-Premier League,2324
2023-11-04 12:30:00,Fulham,Manchester United,1729232,https://www.whoscored.com/Matches/1729232/Live/England-Premier-League-2023-2024-Fulham-Manchester-United,,ENG-Premier League,2324
2023-11-04 15:00:00,Brentford,West Ham,1729229,https://www.whoscored.com/Matches/1729229/Live/England-Premier-League-2023-2024-Brentford-West-Ham,,ENG-Premier League,2324
2023-11-04 15:00:00,Burnley,Crystal Palace,1729230,https://www.whoscored.com/Matches/1729230/Live/England-Premier-League-2023-2024-Burnley-Crystal-Palace,,ENG-Premier League,2324
2023-11-04 15:00:00,Everton,Brighton,1729231,https://www.whoscored.com/Matches/1729231/Live/England-Premier-League-2023-2024-Everton-Brighton,,ENG-Premier League,2324
2023-11-04 15:00:00,Manchester City,Bournemouth,1729234,https://www.whoscored.com/Matches/1729234/Live/England-Premier-League-2023-2024-Manchester-City-Bournemouth,,ENG-Premier League,2324
2023-11-04 15:00:00,Sheffield United,Wolves,1729237,https://www.whoscored.com/Matches/1729237/Live/England-Premier-League-2023-2024-Sheffield-United-Wolves,,ENG-Premier League,2324
2023-11-04 17:30:00,Newcastle,Arsenal,1729235,https://www.whoscored.com/Matches/1729235/Live/England-Premier-League-2023-2024-Newcastle-Arsenal,,ENG-Premier League,2324
2023-11-05 14:00:00,Nottingham Forest,Aston Villa,1729236,https://www.whoscored.com/Matches/1729236/Live/England-Premier-League-2023-2024-Nottingham-Forest-Aston-Villa,,ENG-Premier League,2324
2023-11-05 16:30:00,Luton,Liverpool,1729233,https://www.whoscored.com/Matches/1729233/Live/England-Premier-League-2023-2024-Luton-Liverpool,,ENG-Premier League,2324
2023-11-06 20:00:00,Tottenham,Chelsea,1729238,https://www.whoscored.com/Matches/1729238/Live/England-Premier-League-2023-2024-Tottenham-Chelsea,,ENG-Premier League,2324
2023-11-11 12:30:00,Wolves,Tottenham,1729248,https://www.whoscored.com/Matches/1729248/Live/England-Premier-League-2023-2024-Wolves-Tottenham,,ENG-Premier League,2324
2023-11-11 15:00:00,Arsenal,Burnley,1729240,https://www.whoscored.com/Matches/1729240/Live/England-Premier-League-2023-2024-Arsenal-Burnley,,ENG-Premier League,2324
2023-11-11 15:00:00,Crystal Palace,Everton,1729244,https://www.whoscored.com/Matches/1729244/Live/England-Premier-League-2023-2024-Crystal-Palace-Everton,,ENG-Premier League,2324
2023-11-11 15:00:00,Manchester United,Luton,1729246,https://www.whoscored.com/Matches/1729246/Live/England-Premier-League-2023-2024-Manchester-United-Luton,,ENG-Premier League,2324
2023-11-11 17:30:00,Bournemouth,Newcastle,1729239,https://www.whoscored.com/Matches/1729239/Live/England-Premier-League-2023-2024-Bournemouth-Newcastle,,ENG-Premier League,2324
2023-11-12 14:00:00,West Ham,Nottingham Forest,1729247,https://www.whoscored.com/Matches/1729247/Live/England-Premier-League-2023-2024-West-Ham-Nottingham-Forest,,ENG-Premier League,2324
2023-11-12 14:00:00,Liverpool,Brentford,1729245,https://www.whoscored.com/Matches/1729245/Live/England-Premier-League-2023-2024-Liverpool-Brentford,,ENG-Premier League,2324
2023-11-12 14:00:00,Aston Villa,Fulham,1729241,https://www.whoscored.com/Matches/1729241/Live/England-Premier-League-2023-2024-Aston-Villa-Fulham,,ENG-Premier League,2324
2023-11-12 14:00:00,Brighton,Sheffield United,1729242,https://www.whoscored.com/Matches/1729242/Live/England-Premier-League-2023-2024-Brighton-Sheffield-United,,ENG-Premier League,2324
2023-11-12 16:30:00,Chelsea,Manchester City,1729243,https://www.whoscored.com/Matches/1729243/Live/England-Premier-League-2023-2024-Chelsea-Manchester-City,,ENG-Premier League,2324
2023-11-25 12:30:00,Manchester City,Liverpool,1729540,https://www.whoscored.com/Matches/1729540/Live/England-Premier-League-2023-2024-Manchester-City-Liverpool,,ENG-Premier League,2324
2023-11-25 15:00:00,Newcastle,Chelsea,1729541,https://www.whoscored.com/Matches/1729541/Live/England-Premier-League-2023-2024-Newcastle-Chelsea,,ENG-Premier League,2324
2023-11-25 15:00:00,Nottingham Forest,Brighton,1729542,https://www.whoscored.com/Matches/1729542/Live/England-Premier-League-2023-2024-Nottingham-Forest-Brighton,,ENG-Premier League,2324
2023-11-25 15:00:00,Sheffield United,Bournemouth,1729543,https://www.whoscored.com/Matches/1729543/Live/England-Premier-League-2023-2024-Sheffield-United-Bournemouth,,ENG-Premier League,2324
2023-11-25 15:00:00,Burnley,West Ham,1729536,https://www.whoscored.com/Matches/1729536/Live/England-Premier-League-2023-2024-Burnley-West-Ham,,ENG-Premier League,2324
2023-11-25 15:00:00,Luton,Crystal Palace,1729539,https://www.whoscored.com/Matches/1729539/Live/England-Premier-League-2023-2024-Luton-Crystal-Palace,,ENG-Premier League,2324
2023-11-25 17:30:00,Brentford,Arsenal,1729535,https://www.whoscored.com/Matches/1729535/Live/England-Premier-League-2023-2024-Brentford-Arsenal,,ENG-Premier League,2324
2023-11-26 14:00:00,Tottenham,Aston Villa,1729544,https://www.whoscored.com/Matches/1729544/Live/England-Premier-League-2023-2024-Tottenham-Aston-Villa,,ENG-Premier League,2324
2023-11-26 16:30:00,Everton,Manchester United,1729537,https://www.whoscored.com/Matches/1729537/Live/England-Premier-League-2023-2024-Everton-Manchester-United,,ENG-Premier League,2324
2023-11-27 20:00:00,Fulham,Wolves,1729538,https://www.whoscored.com/Matches/1729538/Live/England-Premier-League-2023-2024-Fulham-Wolves,,ENG-Premier League,2324
2023-10-01 14:00:00,Nottingham Forest,Brentford,1729301,https://www.whoscored.com/Matches/1729301/Live/England-Premier-League-2023-2024-Nottingham-Forest-Brentford,,ENG-Premier League,2324
2023-10-02 20:00:00,Fulham,Chelsea,1729298,https://www.whoscored.com/Matches/1729298/Live/England-Premier-League-2023-2024-Fulham-Chelsea,,ENG-Premier League,2324
2023-10-03 19:30:00,Luton,Burnley,1729201,https://www.whoscored.com/Matches/1729201/Live/England-Premier-League-2023-2024-Luton-Burnley,,ENG-Premier League,2324
2023-10-07 12:30:00,Luton,Tottenham,1729205,https://www.whoscored.com/Matches/1729205/Live/England-Premier-League-2023-2024-Luton-Tottenham,,ENG-Premier League,2324
2023-10-07 15:00:00,Manchester United,Brentford,1729206,https://www.whoscored.com/Matches/1729206/Live/England-Premier-League-2023-2024-Manchester-United-Brentford,,ENG-Premier League,2324
2023-10-07 15:00:00,Fulham,Sheffield United,1729204,https://www.whoscored.com/Matches/1729204/Live/England-Premier-League-2023-2024-Fulham-Sheffield-United,,ENG-Premier League,2324
2023-10-07 15:00:00,Burnley,Chelsea,1729307,https://www.whoscored.com/Matches/1729307/Live/England-Premier-League-2023-2024-Burnley-Chelsea,,ENG-Premier League,2324
2023-10-07 15:00:00,Everton,Bournemouth,1729309,https://www.whoscored.com/Matches/1729309/Live/England-Premier-League-2023-2024-Everton-Bournemouth,,ENG-Premier League,2324
2023-10-07 17:30:00,Crystal Palace,Nottingham Forest,1729308,https://www.whoscored.com/Matches/1729308/Live/England-Premier-League-2023-2024-Crystal-Palace-Nottingham-Forest,,ENG-Premier League,2324
2023-10-08 14:00:00,Brighton,Liverpool,1729306,https://www.whoscored.com/Matches/1729306/Live/England-Premier-League-2023-2024-Brighton-Liverpool,,ENG-Premier League,2324
2023-10-08 14:00:00,West Ham,Newcastle,1729207,https://www.whoscored.com/Matches/1729207/Live/England-Premier-League-2023-2024-West-Ham-Newcastle,,ENG-Premier League,2324
2023-10-08 14:00:00,Wolves,Aston Villa,1729208,https://www.whoscored.com/Matches/1729208/Live/England-Premier-League-2023-2024-Wolves-Aston-Villa,,ENG-Premier League,2324
2023-10-08 16:30:00,Arsenal,Manchester City,1729305,https://www.whoscored.com/Matches/1729305/Live/England-Premier-League-2023-2024-Arsenal-Manchester-City,,ENG-Premier League,2324
2023-10-21 12:30:00,Liverpool,Everton,1729213,https://www.whoscored.com/Matches/1729213/Live/England-Premier-League-2023-2024-Liverpool-Everton,,ENG-Premier League,2324
2023-10-21 15:00:00,Manchester City,Brighton,1729214,https://www.whoscored.com/Matches/1729214/Live/England-Premier-League-2023-2024-Manchester-City-Brighton,,ENG-Premier League,2324
2023-10-21 15:00:00,Newcastle,Crystal Palace,1729215,https://www.whoscored.com/Matches/1729215/Live/England-Premier-League-2023-2024-Newcastle-Crystal-Palace,,ENG-Premier League,2324
2023-10-21 15:00:00,Nottingham Forest,Luton,1729216,https://www.whoscored.com/Matches/1729216/Live/England-Premier-League-2023-2024-Nottingham-Forest-Luton,,ENG-Premier League,2324
2023-10-21 15:00:00,Bournemouth,Wolves,1729209,https://www.whoscored.com/Matches/1729209/Live/England-Premier-League-2023-2024-Bournemouth-Wolves,,ENG-Premier League,2324
2023-10-21 15:00:00,Brentford,Burnley,1729211,https://www.whoscored.com/Matches/1729211/Live/England-Premier-League-2023-2024-Brentford-Burnley,,ENG-Premier League,2324
2023-10-21 17:30:00,Chelsea,Arsenal,1729212,https://www.whoscored.com/Matches/1729212/Live/England-Premier-League-2023-2024-Chelsea-Arsenal,,ENG-Premier League,2324
2023-10-21 20:00:00,Sheffield United,Manchester United,1729217,https://www.whoscored.com/Matches/1729217/Live/England-Premier-League-2023-2024-Sheffield-United-Manchester-United,,ENG-Premier League,2324
2023-10-22 16:30:00,Aston Villa,West Ham,1729210,https://www.whoscored.com/Matches/1729210/Live/England-Premier-League-2023-2024-Aston-Villa-West-Ham,,ENG-Premier League,2324
2023-10-23 20:00:00,Tottenham,Fulham,1729218,https://www.whoscored.com/Matches/1729218/Live/England-Premier-League-2023-2024-Tottenham-Fulham,,ENG-Premier League,2324
2023-10-27 20:00:00,Crystal Palace,Tottenham,1729224,https://www.whoscored.com/Matches/1729224/Live/England-Premier-League-2023-2024-Crystal-Palace-Tottenham,,ENG-Premier League,2324
2023-10-28 12:30:00,Chelsea,Brentford,1729223,https://www.whoscored.com/Matches/1729223/Live/England-Premier-League-2023-2024-Chelsea-Brentford,,ENG-Premier League,2324
2023-10-28 15:00:00,Bournemouth,Burnley,1729219,https://www.whoscored.com/Matches/1729219/Live/England-Premier-League-2023-2024-Bournemouth-Burnley,,ENG-Premier League,2324
2023-10-28 15:00:00,Arsenal,Sheffield United,1729220,https://www.whoscored.com/Matches/1729220/Live/England-Premier-League-2023-2024-Arsenal-Sheffield-United,,ENG-Premier League,2324
2023-10-28 17:30:00,Wolves,Newcastle,1729228,https://www.whoscored.com/Matches/1729228/Live/England-Premier-League-2023-2024-Wolves-Newcastle,,ENG-Premier League,2324
2023-10-29 13:00:00,West Ham,Everton,1729227,https://www.whoscored.com/Matches/1729227/Live/England-Premier-League-2023-2024-West-Ham-Everton,,ENG-Premier League,2324
2023-10-29 14:00:00,Liverpool,Nottingham Forest,1729225,https://www.whoscored.com/Matches/1729225/Live/England-Premier-League-2023-2024-Liverpool-Nottingham-Forest,,ENG-Premier League,2324
2023-10-29 14:00:00,Aston Villa,Luton,1729221,https://www.whoscored.com/Matches/1729221/Live/England-Premier-League-2023-2024-Aston-Villa-Luton,,ENG-Premier League,2324
2023-10-29 14:00:00,Brighton,Fulham,1729222,https://www.whoscored.com/Matches/1729222/Live/England-Premier-League-2023-2024-Brighton-Fulham,,ENG-Premier League,2324
2023-10-29 15:30:00,Manchester United,Manchester City,1729226,https://www.whoscored.com/Matches/1729226/Live/England-Premier-League-2023-2024-Manchester-United-Manchester-City,,ENG-Premier League,2324
2023-09-01 20:00:00,Luton,West Ham,1729272,https://www.whoscored.com/Matches/1729272/Live/England-Premier-League-2023-2024-Luton-West-Ham,,ENG-Premier League,2324
2023-09-02 12:30:00,Sheffield United,Everton,1729274,https://www.whoscored.com/Matches/1729274/Live/England-Premier-League-2023-2024-Sheffield-United-Everton,,ENG-Premier League,2324
2023-09-02 15:00:00,Manchester City,Fulham,1729273,https://www.whoscored.com/Matches/1729273/Live/England-Premier-League-2023-2024-Manchester-City-Fulham,,ENG-Premier League,2324
2023-09-02 15:00:00,Brentford,Bournemouth,1729266,https://www.whoscored.com/Matches/1729266/Live/England-Premier-League-2023-2024-Brentford-Bournemouth,,ENG-Premier League,2324
2023-09-02 15:00:00,Burnley,Tottenham,1729268,https://www.whoscored.com/Matches/1729268/Live/England-Premier-League-2023-2024-Burnley-Tottenham,,ENG-Premier League,2324
2023-09-02 15:00:00,Chelsea,Nottingham Forest,1729269,https://www.whoscored.com/Matches/1729269/Live/England-Premier-League-2023-2024-Chelsea-Nottingham-Forest,,ENG-Premier League,2324
2023-09-02 17:30:00,Brighton,Newcastle,1729267,https://www.whoscored.com/Matches/1729267/Live/England-Premier-League-2023-2024-Brighton-Newcastle,,ENG-Premier League,2324
2023-09-03 14:00:00,Crystal Palace,Wolves,1729270,https://www.whoscored.com/Matches/1729270/Live/England-Premier-League-2023-2024-Crystal-Palace-Wolves,,ENG-Premier League,2324
2023-09-03 14:00:00,Liverpool,Aston Villa,1729271,https://www.whoscored.com/Matches/1729271/Live/England-Premier-League-2023-2024-Liverpool-Aston-Villa,,ENG-Premier League,2324
2023-09-03 16:30:00,Arsenal,Manchester United,1729265,https://www.whoscored.com/Matches/1729265/Live/England-Premier-League-2023-2024-Arsenal-Manchester-United,,ENG-Premier League,2324
2023-09-16 12:30:00,Wolves,Liverpool,1729284,https://www.whoscored.com/Matches/1729284/Live/England-Premier-League-2023-2024-Wolves-Liverpool,,ENG-Premier League,2324
2023-09-16 15:00:00,Tottenham,Sheffield United,1729282,https://www.whoscored.com/Matches/1729282/Live/England-Premier-League-2023-2024-Tottenham-Sheffield-United,,ENG-Premier League,2324
2023-09-16 15:00:00,West Ham,Manchester City,1729283,https://www.whoscored.com/Matches/1729283/Live/England-Premier-League-2023-2024-West-Ham-Manchester-City,,ENG-Premier League,2324
2023-09-16 15:00:00,Aston Villa,Crystal Palace,1729276,https://www.whoscored.com/Matches/1729276/Live/England-Premier-League-2023-2024-Aston-Villa-Crystal-Palace,,ENG-Premier League,2324
2023-09-16 15:00:00,Fulham,Luton,1729278,https://www.whoscored.com/Matches/1729278/Live/England-Premier-League-2023-2024-Fulham-Luton,,ENG-Premier League,2324
2023-09-16 15:00:00,Manchester United,Brighton,1729279,https://www.whoscored.com/Matches/1729279/Live/England-Premier-League-2023-2024-Manchester-United-Brighton,,ENG-Premier League,2324
2023-09-16 17:30:00,Newcastle,Brentford,1729280,https://www.whoscored.com/Matches/1729280/Live/England-Premier-League-2023-2024-Newcastle-Brentford,,ENG-Premier League,2324
2023-09-17 14:00:00,Bournemouth,Chelsea,1729275,https://www.whoscored.com/Matches/1729275/Live/England-Premier-League-2023-2024-Bournemouth-Chelsea,,ENG-Premier League,2324
2023-09-17 16:30:00,Everton,Arsenal,1729277,https://www.whoscored.com/Matches/1729277/Live/England-Premier-League-2023-2024-Everton-Arsenal,,ENG-Premier League,2324
2023-09-18 19:45:00,Nottingham Forest,Burnley,1729281,https://www.whoscored.com/Matches/1729281/Live/England-Premier-League-2023-2024-Nottingham-Forest-Burnley,,ENG-Premier League,2324
2023-09-23 15:00:00,Luton,Wolves,1729292,https://www.whoscored.com/Matches/1729292/Live/England-Premier-League-2023-2024-Luton-Wolves,,ENG-Premier League,2324
2023-09-23 15:00:00,Manchester City,Nottingham Forest,1729293,https://www.whoscored.com/Matches/1729293/Live/England-Premier-League-2023-2024-Manchester-City-Nottingham-Forest,,ENG-Premier League,2324
2023-09-23 15:00:00,Crystal Palace,Fulham,1729290,https://www.whoscored.com/Matches/1729290/Live/England-Premier-League-2023-2024-Crystal-Palace-Fulham,,ENG-Premier League,2324
2023-09-23 17:30:00,Brentford,Everton,1729286,https://www.whoscored.com/Matches/1729286/Live/England-Premier-League-2023-2024-Brentford-Everton,,ENG-Premier League,2324
2023-09-23 20:00:00,Burnley,Manchester United,1729288,https://www.whoscored.com/Matches/1729288/Live/England-Premier-League-2023-2024-Burnley-Manchester-United,,ENG-Premier League,2324
2023-09-24 14:00:00,Chelsea,Aston Villa,1729289,https://www.whoscored.com/Matches/1729289/Live/England-Premier-League-2023-2024-Chelsea-Aston-Villa,,ENG-Premier League,2324
2023-09-24 14:00:00,Brighton,Bournemouth,1729287,https://www.whoscored.com/Matches/1729287/Live/England-Premier-League-2023-2024-Brighton-Bournemouth,,ENG-Premier League,2324
2023-09-24 14:00:00,Arsenal,Tottenham,1729285,https://www.whoscored.com/Matches/1729285/Live/England-Premier-League-2023-2024-Arsenal-Tottenham,,ENG-Premier League,2324
2023-09-24 14:00:00,Liverpool,West Ham,1729291,https://www.whoscored.com/Matches/1729291/Live/England-Premier-League-2023-2024-Liverpool-West-Ham,,ENG-Premier League,2324
2023-09-24 16:30:00,Sheffield United,Newcastle,1729294,https://www.whoscored.com/Matches/1729294/Live/England-Premier-League-2023-2024-Sheffield-United-Newcastle,,ENG-Premier League,2324
2023-09-30 12:30:00,Aston Villa,Brighton,1729296,https://www.whoscored.com/Matches/1729296/Live/England-Premier-League-2023-2024-Aston-Villa-Brighton,,ENG-Premier League,2324
2023-09-30 15:00:00,Everton,Luton,1729297,https://www.whoscored.com/Matches/1729297/Live/England-Premier-League-2023-2024-Everton-Luton,,ENG-Premier League,2324
2023-09-30 15:00:00,Manchester United,Crystal Palace,1729299,https://www.whoscored.com/Matches/1729299/Live/England-Premier-League-2023-2024-Manchester-United-Crystal-Palace,,ENG-Premier League,2324
2023-09-30 15:00:00,Newcastle,Burnley,1729300,https://www.whoscored.com/Matches/1729300/Live/England-Premier-League-2023-2024-Newcastle-Burnley,,ENG-Premier League,2324
2023-09-30 15:00:00,Bournemouth,Arsenal,1729295,https://www.whoscored.com/Matches/1729295/Live/England-Premier-League-2023-2024-Bournemouth-Arsenal,,ENG-Premier League,2324
2023-09-30 15:00:00,West Ham,Sheffield United,1729303,https://www.whoscored.com/Matches/1729303/Live/England-Premier-League-2023-2024-West-Ham-Sheffield-United,,ENG-Premier League,2324
2023-09-30 15:00:00,Wolves,Manchester City,1729304,https://www.whoscored.com/Matches/1729304/Live/England-Premier-League-2023-2024-Wolves-Manchester-City,,ENG-Premier League,2324
2023-09-30 17:30:00,Tottenham,Liverpool,1729302,https://www.whoscored.com/Matches/1729302/Live/England-Premier-League-2023-2024-Tottenham-Liverpool,,ENG-Premier League,2324
2023-08-11 20:00:00,Burnley,Manchester City,1729191,https://www.whoscored.com/Matches/1729191/Live/England-Premier-League-2023-2024-Burnley-Manchester-City,,ENG-Premier League,2324
2023-08-12 13:00:00,Arsenal,Nottingham Forest,1729190,https://www.whoscored.com/Matches/1729190/Live/England-Premier-League-2023-2024-Arsenal-Nottingham-Forest,,ENG-Premier League,2324
2023-08-12 15:00:00,Bournemouth,West Ham,1729192,https://www.whoscored.com/Matches/1729192/Live/England-Premier-League-2023-2024-Bournemouth-West-Ham,,ENG-Premier League,2324
2023-08-12 15:00:00,Brighton,Luton,1729193,https://www.whoscored.com/Matches/1729193/Live/England-Premier-League-2023-2024-Brighton-Luton,,ENG-Premier League,2324
2023-08-12 15:00:00,Everton,Fulham,1729194,https://www.whoscored.com/Matches/1729194/Live/England-Premier-League-2023-2024-Everton-Fulham,,ENG-Premier League,2324
2023-08-12 15:00:00,Sheffield United,Crystal Palace,1729195,https://www.whoscored.com/Matches/1729195/Live/England-Premier-League-2023-2024-Sheffield-United-Crystal-Palace,,ENG-Premier League,2324
2023-08-12 17:30:00,Newcastle,Aston Villa,1729196,https://www.whoscored.com/Matches/1729196/Live/England-Premier-League-2023-2024-Newcastle-Aston-Villa,,ENG-Premier League,2324
2023-08-13 14:00:00,Brentford,Tottenham,1729197,https://www.whoscored.com/Matches/1729197/Live/England-Premier-League-2023-2024-Brentford-Tottenham,,ENG-Premier League,2324
2023-08-13 16:30:00,Chelsea,Liverpool,1729198,https://www.whoscored.com/Matches/1729198/Live/England-Premier-League-2023-2024-Chelsea-Liverpool,,ENG-Premier League,2324
2023-08-14 20:00:00,Manchester United,Wolves,1729199,https://www.whoscored.com/Matches/1729199/Live/England-Premier-League-2023-2024-Manchester-United-Wolves,,ENG-Premier League,2324
2023-08-18 19:45:00,Nottingham Forest,Sheffield United,1729249,https://www.whoscored.com/Matches/1729249/Live/England-Premier-League-2023-2024-Nottingham-Forest-Sheffield-United,,ENG-Premier League,2324
2023-08-19 15:00:00,Wolves,Brighton,1729254,https://www.whoscored.com/Matches/1729254/Live/England-Premier-League-2023-2024-Wolves-Brighton,,ENG-Premier League,2324
2023-08-19 15:00:00,Fulham,Brentford,1729200,https://www.whoscored.com/Matches/1729200/Live/England-Premier-League-2023-2024-Fulham-Brentford,,ENG-Premier League,2324
2023-08-19 15:00:00,Liverpool,Bournemouth,1729202,https://www.whoscored.com/Matches/1729202/Live/England-Premier-League-2023-2024-Liverpool-Bournemouth,,ENG-Premier League,2324
2023-08-19 17:30:00,Tottenham,Manchester United,1729251,https://www.whoscored.com/Matches/1729251/Live/England-Premier-League-2023-2024-Tottenham-Manchester-United,,ENG-Premier League,2324
2023-08-19 20:00:00,Manchester City,Newcastle,1729252,https://www.whoscored.com/Matches/1729252/Live/England-Premier-League-2023-2024-Manchester-City-Newcastle,,ENG-Premier League,2324
2023-08-20 14:00:00,Aston Villa,Everton,1729250,https://www.whoscored.com/Matches/1729250/Live/England-Premier-League-2023-2024-Aston-Villa-Everton,,ENG-Premier League,2324
2023-08-20 16:30:00,West Ham,Chelsea,1729253,https://www.whoscored.com/Matches/1729253/Live/England-Premier-League-2023-2024-West-Ham-Chelsea,,ENG-Premier League,2324
2023-08-21 20:00:00,Crystal Palace,Arsenal,1729203,https://www.whoscored.com/Matches/1729203/Live/England-Premier-League-2023-2024-Crystal-Palace-Arsenal,,ENG-Premier League,2324
2023-08-25 20:00:00,Chelsea,Luton,1729260,https://www.whoscored.com/Matches/1729260/Live/England-Premier-League-2023-2024-Chelsea-Luton,,ENG-Premier League,2324
2023-08-26 12:30:00,Bournemouth,Tottenham,1729255,https://www.whoscored.com/Matches/1729255/Live/England-Premier-League-2023-2024-Bournemouth-Tottenham,,ENG-Premier League,2324
2023-08-26 15:00:00,Arsenal,Fulham,1729256,https://www.whoscored.com/Matches/1729256/Live/England-Premier-League-2023-2024-Arsenal-Fulham,,ENG-Premier League,2324
2023-08-26 15:00:00,Brentford,Crystal Palace,1729257,https://www.whoscored.com/Matches/1729257/Live/England-Premier-League-2023-2024-Brentford-Crystal-Palace,,ENG-Premier League,2324
2023-08-26 15:00:00,Everton,Wolves,1729261,https://www.whoscored.com/Matches/1729261/Live/England-Premier-League-2023-2024-Everton-Wolves,,ENG-Premier League,2324
2023-08-26 15:00:00,Manchester United,Nottingham Forest,1729262,https://www.whoscored.com/Matches/1729262/Live/England-Premier-League-2023-2024-Manchester-United-Nottingham-Forest,,ENG-Premier League,2324
2023-08-26 17:30:00,Brighton,West Ham,1729258,https://www.whoscored.com/Matches/1729258/Live/England-Premier-League-2023-2024-Brighton-West-Ham,,ENG-Premier League,2324
2023-08-27 14:00:00,Burnley,Aston Villa,1729259,https://www.whoscored.com/Matches/1729259/Live/England-Premier-League-2023-2024-Burnley-Aston-Villa,,ENG-Premier League,2324
2023-08-27 14:00:00,Sheffield United,Manchester City,1729264,https://www.whoscored.com/Matches/1729264/Live/England-Premier-League-2023-2024-Sheffield-United-Manchester-City,,ENG-Premier League,2324
2023-08-27 16:30:00,Newcastle,Liverpool,1729263,https://www.whoscored.com/Matches/1729263/Live/England-Premier-League-2023-2024-Newcastle-Liverpool,,ENG-Premier League,2324
